,pos50,pos147,pos148,pos197,pos203,pos233,pos293,pos304,pos305,pos320,pos371,pos381,pos410,pos429,pos441
XOA2,G,T,C,C,A,C,T,T,T,A,G,C,A,A,A
XOA10,G,T,C,A,A,C,T,T,T,A,G,C,A,A,A
XOA26,G,T,C,C,A,C,T,T,T,A,G,C,A,A,A
XOA34,G,T,C,C,A,C,T,T,T,A,G,C,A,A,A
XOA38,G,C,G,C,A,C,T,T,T,A,G,C,A,A,A
XOA40,G,C,G,C,A,C,T,T,T,A,G,C,A,A,A
XOA49,G,T,G,C,A,C,T,T,T,A,G,C,A,C,A
XOA52,G,T,C,C,A,C,T,T,T,A,G,C,A,A,A
XOA60,G,T,C,C,A,C,T,T,T,A,G,C,A,A,A
XOA63,G,C,G,C,A,C,T,T,T,A,G,C,A,A,A
XOA67,G,T,C,C,A,C,T,T,T,A,A,C,A,A,A
XOA69,G,C,G,C,A,C,T,T,T,A,G,C,A,A,A
XOA87,G,T,C,C,G,C,T,T,T,A,G,C,A,A,A
XOA103,G,T,C,C,G,C,T,T,T,A,G,C,A,A,A
XOA106,G,T,C,C,A,C,T,T,T,A,G,C,A,A,A
XOA133,G,T,C,C,G,C,T,T,T,A,G,C,G,A,A
XOA161,G,T,C,C,A,C,T,T,T,A,G,C,A,C,A
XOA166,G,T,C,C,A,C,T,T,T,A,A,C,A,A,A
XOA180,G,T,C,A,A,C,T,T,T,A,A,C,G,C,A
XOA184,G,T,C,C,A,C,T,T,T,A,G,C,A,A,A
XOA115,G,T,C,A,A,C,T,T,T,A,G,C,A,C,A
XOA125,G,T,C,C,G,C,T,T,T,A,G,C,A,A,A
XOA138,G,T,C,C,A,C,T,T,T,A,G,C,A,C,A
XOA15,G,T,C,C,A,C,T,T,T,A,G,C,G,C,A
XOA158,G,T,C,C,A,C,T,T,T,A,G,C,A,A,A
XOA79,G,T,C,C,A,C,T,T,T,A,G,C,A,C,A
XOB12,G,T,C,C,A,C,T,T,T,A,G,C,A,C,A
XOB13,G,T,C,C,A,C,T,T,T,A,A,C,A,A,A
XOB20,G,T,C,C,G,C,T,T,T,A,G,C,A,A,A
XOB21,G,C,G,C,A,C,T,T,T,A,G,C,A,A,A
XOB24,G,C,G,C,A,C,T,T,T,A,G,C,G,A,A
XOB31,G,T,C,C,A,C,T,T,T,A,G,C,A,C,A
XOB49,G,T,C,C,G,C,T,T,T,A,G,C,A,A,A
XOB59,G,T,C,A,A,C,T,T,T,A,A,C,A,C,A
XOB61,G,T,C,C,A,C,T,T,T,A,G,C,A,A,A
XOB64,G,T,C,C,A,C,T,T,T,A,G,C,A,C,A
XOB65,G,T,C,C,A,C,T,T,T,A,G,C,A,C,A
XOB70,G,T,C,C,A,C,T,T,T,A,G,C,A,C,A
XOB77,G,T,C,C,A,C,T,T,T,A,G,C,A,A,A
XOB89,G,C,G,C,A,C,T,T,T,A,G,C,G,A,A
XOB110,G,T,C,C,G,C,T,T,T,A,G,C,A,A,A
XOB115,G,T,C,C,A,C,T,T,T,A,G,C,A,A,A
XOB120,G,T,C,A,A,C,T,T,T,A,G,C,A,C,A
XOB124,G,T,C,C,A,C,T,T,T,A,G,C,A,C,A
XOB134,G,T,C,A,A,C,T,T,T,A,A,C,A,A,A
XOB137,G,T,C,A,A,C,T,T,T,A,G,C,A,C,A
XOB138,G,T,C,C,A,C,T,T,T,A,G,C,G,C,A
XOB146,G,C,G,C,A,C,T,T,T,A,G,C,A,A,A
XOB149,G,T,C,C,A,C,T,T,T,A,G,C,A,C,A
XOB154,G,T,C,C,A,C,T,T,T,A,G,T,A,A,A
XOB169,G,T,C,C,A,C,T,T,T,A,G,C,A,A,A
XOB170,G,T,C,A,A,C,T,T,T,A,G,C,A,C,A
XOB172,G,T,C,C,A,C,T,T,T,A,G,C,A,A,A
XOB174,G,T,C,C,A,C,T,T,T,A,G,C,A,A,A
XOB181,G,T,C,C,A,C,T,T,T,A,A,C,A,A,A
XOB182,G,T,C,A,A,C,T,T,T,A,G,C,A,C,A
XOB195,G,T,C,C,A,C,T,T,T,A,G,C,G,A,A
XOB199,G,C,G,C,A,C,T,T,T,A,G,C,A,C,A
XOB200,G,T,C,C,A,C,T,T,T,A,G,C,A,A,A
XOB201,G,T,C,C,A,C,T,T,T,A,G,C,A,A,A
XOB205,G,T,C,C,A,C,T,T,T,A,G,C,A,A,A
XOB207,G,T,C,C,A,C,T,T,T,A,G,C,A,C,A
XOB219,G,C,G,C,A,C,T,T,T,A,G,T,A,A,A
XOB220,G,C,G,C,A,C,T,T,T,A,G,C,A,A,A
XOB223,G,T,C,C,A,C,T,T,T,A,G,C,A,C,A
XOB224,G,T,C,A,A,C,T,T,T,A,G,C,A,A,A
XOB226,G,T,C,A,A,C,T,T,T,A,G,C,A,C,A
XOB231,G,T,C,C,A,C,T,T,T,A,G,C,A,C,A
XOB233,G,C,G,C,A,C,T,T,T,A,G,C,A,A,A
XOB234,G,T,C,C,A,C,T,T,T,A,G,C,A,C,A
XOB235,G,T,C,C,A,C,T,T,T,A,G,C,A,C,A
XOB236,G,T,C,C,A,C,T,T,T,A,G,C,A,A,A
XOB239,G,T,C,C,A,C,T,T,T,A,G,C,A,C,A
XOB241,G,T,C,C,A,C,T,T,T,A,A,C,A,A,A
XOB248,G,T,C,C,A,C,T,T,T,A,A,T,A,A,A
XOB251,G,T,C,C,A,C,T,T,T,A,G,C,A,C,A
XOB258,G,C,G,C,A,C,T,T,T,A,G,T,A,A,A
XOB260,G,T,C,C,A,C,T,T,T,A,G,C,A,C,A
XOB262,G,C,G,C,A,C,T,T,T,A,A,C,A,A,A
XOB271,G,T,C,C,A,C,T,T,T,A,G,C,A,C,A
XOB272,G,T,C,A,A,C,T,T,T,A,A,C,A,A,A
XOB273,G,T,C,C,A,C,T,T,T,A,G,C,A,C,A
XOB283,G,C,G,C,A,C,T,T,T,A,G,C,A,C,A
XOB284,G,T,C,C,A,C,T,T,T,A,G,C,A,A,A
XOB285,G,C,G,C,A,C,T,T,T,A,G,C,A,C,A
XOB286,G,T,C,C,A,C,T,T,T,A,G,C,A,A,A
XOB291,G,C,G,C,A,C,T,T,T,A,G,C,A,A,A
XOB294,G,C,G,C,A,C,T,T,T,A,G,C,A,A,A
XOB295,G,C,G,C,A,C,T,T,T,A,G,C,A,A,A
XOB298,G,T,C,C,A,C,T,T,T,A,G,C,A,C,A
XOB302,G,T,C,C,A,C,T,T,T,A,G,C,A,C,A
XOB310,G,T,C,A,A,C,T,T,T,A,A,C,A,A,A
XOB312,G,T,C,A,A,A,T,T,T,A,A,C,A,C,A
XOB313,G,T,C,A,A,C,T,T,T,A,A,C,A,A,A
XOB317,G,T,C,C,G,C,T,T,T,A,G,C,A,A,A
XOB318,G,T,C,C,G,C,T,T,T,A,G,C,A,A,A
XOB320,G,C,G,C,A,C,T,T,T,A,G,C,A,A,A
XOB326,G,T,C,C,A,C,T,T,T,A,G,C,A,C,A
XOB327,G,T,C,C,A,C,T,T,T,A,G,C,A,C,A
XOB328,G,T,C,A,A,C,T,T,T,A,G,C,A,A,A
XOB329,G,T,C,C,A,C,T,T,T,A,G,C,A,A,A
XOB331,G,T,C,A,A,C,T,T,T,A,G,C,A,A,A
XOB340,G,T,C,A,A,C,T,T,T,A,G,C,A,A,A
XOB343,G,T,C,C,A,C,T,T,T,A,G,C,A,C,A
XOB349,G,T,C,C,A,C,T,T,T,A,G,C,A,A,A
XOB350,G,T,C,C,G,C,T,T,T,A,G,C,A,A,A
XOB359,G,T,C,C,G,C,T,T,T,A,G,C,A,A,A
XOB360,G,T,C,C,A,C,T,T,T,A,A,C,A,A,A
XOB367,G,T,C,C,G,C,T,T,T,A,G,C,A,A,A
XOB370,G,T,C,A,A,C,T,T,T,A,G,C,A,C,A
XOB371,G,T,C,C,A,C,T,T,T,A,G,C,A,C,A
XOB401,G,T,C,C,A,C,T,T,T,A,G,C,A,C,A
XOB425,G,C,G,C,A,C,T,T,T,A,G,T,A,A,A
XOB469,G,C,G,C,A,C,T,T,T,A,G,T,A,A,G
XOB474,G,T,C,C,G,C,T,T,T,A,G,C,A,A,A
XOB476,G,T,C,C,A,C,T,T,T,A,G,C,A,C,A
XOB481,G,T,C,C,A,C,T,T,T,A,G,T,A,A,A
XOB486,G,T,C,C,A,C,T,T,T,A,G,C,A,A,A
XOB504,G,T,C,C,A,C,T,T,T,A,G,C,A,A,A
XOB515,G,C,G,C,A,C,T,T,T,A,G,C,A,C,A
XOB517,G,C,G,C,A,C,T,T,T,A,G,C,G,A,A
XOB518,G,T,C,C,A,C,T,T,T,A,A,C,A,A,A
XOB522,G,T,C,A,A,C,T,T,T,A,A,C,A,C,A
XOB523,G,T,C,C,A,C,T,T,T,A,G,C,A,A,A
XOB524,G,T,C,A,A,C,T,T,T,A,A,C,A,A,A
XOB526,G,T,C,C,A,C,T,T,T,A,G,C,A,A,A
XOB527,G,T,C,C,A,C,T,T,T,A,G,T,A,C,A
XOB529,G,T,C,C,A,C,T,T,T,A,G,T,A,A,A
XOB532,G,T,C,A,A,C,T,T,T,A,G,C,A,A,A
XOB535,G,T,C,A,A,C,T,T,T,A,G,C,A,A,A
XOB536,G,T,C,C,A,C,T,T,T,A,G,C,A,C,A
XOB537,G,C,G,C,A,C,T,T,T,A,G,T,A,A,A
XOB551,G,C,G,C,A,C,T,T,T,A,G,C,A,C,G
XOB554,G,T,C,C,A,C,T,T,T,A,A,T,G,A,A
XOB558,G,T,C,A,A,C,T,T,T,A,G,C,A,C,A
XOB560,G,T,C,C,A,C,T,T,T,A,G,C,G,C,A
XOB570,G,T,C,A,A,C,T,T,T,A,G,C,A,A,A
XOB143,G,T,C,C,A,C,T,T,T,A,G,C,A,A,A
XOB159,G,T,C,A,A,C,T,T,T,A,A,C,A,A,A
XOB28,G,T,C,A,A,C,T,T,T,A,A,C,A,A,A
XOB288,G,T,C,A,A,C,T,T,T,A,G,C,A,C,A
XOB373,G,T,C,A,A,C,T,T,T,A,A,C,G,A,A
XOB403,G,T,C,C,A,C,T,T,T,A,G,C,A,C,A
XOB447,G,C,G,C,A,C,T,T,T,A,G,C,A,A,A
XOB458,G,C,G,C,A,C,T,T,T,A,G,C,A,C,A
XOB500,G,T,C,C,G,C,T,T,T,A,G,C,A,A,A
XOB534,G,T,C,C,G,C,T,T,T,A,G,C,A,A,A
XOB9,G,T,C,C,A,C,T,T,T,A,G,C,A,C,A
XOB93,G,C,G,C,A,C,T,T,T,A,G,C,A,C,A
XOC56,G,T,C,C,A,C,T,T,T,A,G,C,A,C,A
XOC63,G,T,C,C,A,C,T,T,T,A,G,C,A,C,A
XOC73,G,T,C,C,A,C,T,T,T,A,G,C,A,A,A
XOC75,G,T,C,C,G,C,T,T,T,A,G,C,A,A,A
XOC82,G,C,G,C,A,C,T,T,T,A,G,C,A,A,A
XOC94,G,T,C,A,A,C,T,T,T,A,G,C,A,A,A
XOC98,G,T,C,C,A,C,T,T,T,A,A,C,A,C,A
XOC103,G,T,C,C,G,C,T,T,T,A,G,C,A,A,A
XOC122,G,T,C,C,G,C,T,T,T,A,G,C,A,A,A
XOC180,G,C,G,C,A,C,T,T,T,A,G,C,A,A,A
XOC186,G,T,C,C,G,C,T,T,T,A,G,T,A,A,A
XOC187,G,T,C,A,A,C,T,T,T,A,A,C,A,A,A
XOC212,G,T,C,C,A,C,T,T,T,A,G,C,A,C,A
XOC225,G,C,G,C,A,C,T,T,T,A,G,C,A,A,A
XOC234,G,C,G,C,A,C,T,T,T,A,A,C,A,A,A
XOC235,G,C,G,C,A,C,T,T,T,A,G,C,A,A,A
XOC280,G,T,C,C,A,C,T,T,T,A,G,C,A,C,A
XOC290,G,T,C,C,A,C,T,T,T,A,A,C,A,A,A
XOC295,G,T,C,C,A,A,T,T,T,A,A,C,A,A,A
XOC298,G,T,C,C,A,C,T,T,T,A,G,C,A,A,A
XOC303,G,T,C,A,A,C,T,T,T,A,G,C,A,C,A
XOC386,G,T,C,C,A,C,T,T,T,A,A,C,A,A,A
XOC398,G,T,C,C,A,C,T,T,T,A,A,C,A,A,A
XOC399,G,T,C,C,A,C,T,T,T,A,G,C,A,A,A
XOC406,G,C,G,C,A,C,T,T,T,A,G,C,A,A,A
XOC414,G,T,C,C,A,C,T,T,T,A,G,C,A,A,A
XOC419,G,T,C,A,A,C,T,T,T,A,G,C,A,A,A
XOC426,G,T,C,A,A,C,T,T,T,A,G,C,G,A,A
XOC452,G,T,C,C,A,C,T,T,T,A,G,C,G,A,A
XOC455,G,T,C,C,A,C,T,T,T,A,G,C,A,C,A
XOC494,G,T,C,C,A,C,T,T,T,A,G,C,A,A,A
XOC507,G,T,C,C,A,C,T,T,T,A,G,C,A,A,A
XOC515,G,C,G,C,A,C,T,T,T,A,G,C,A,A,A
XOC533,G,T,C,C,A,C,T,T,T,A,G,C,A,C,A
XOC545,G,C,G,C,A,C,T,T,T,A,G,C,G,A,A
XOC565,G,T,C,C,A,C,T,T,T,A,G,C,A,A,A
XOC579,G,T,C,A,A,C,T,T,T,A,G,C,A,A,A
XOC591,G,T,C,A,A,C,T,T,T,A,G,C,A,A,A
XOC622,G,C,G,C,A,C,T,T,T,A,G,C,A,A,A
XOC624,G,T,C,A,A,C,T,T,T,A,G,C,A,C,A
XOC627,G,T,C,C,A,C,T,T,T,A,G,C,A,A,A
XOC659,G,C,G,C,A,C,T,T,T,A,G,C,G,C,A
XOC724,G,C,G,C,A,C,T,T,T,A,G,C,A,A,A
XOC746,G,T,C,C,A,C,T,T,T,A,G,C,A,C,A
XOC762,G,C,G,C,A,C,T,T,T,A,G,C,A,A,A
XOC768,G,T,C,C,A,C,T,T,T,A,A,C,A,A,A
XOC779,G,C,G,C,A,C,T,T,T,A,G,C,A,A,A
XOC791,G,T,C,C,G,C,T,T,T,A,G,C,A,A,A
XOC815,G,C,G,C,A,C,T,T,T,A,G,C,A,A,A
XOC823,G,T,C,C,G,C,T,T,T,A,G,C,A,A,A
XOC828,G,T,C,C,A,C,T,T,T,A,G,C,A,C,A
XOC872,G,T,C,C,A,C,T,T,T,A,G,C,A,A,A
XOC873,G,T,C,A,A,C,T,T,T,A,G,C,A,C,A
XOC881,G,T,C,C,A,C,T,T,T,A,A,C,A,A,A
XOC903,G,C,G,C,A,C,T,T,T,A,G,C,A,A,A
XOC909,G,T,C,A,A,C,T,T,T,C,G,C,A,A,A
XOC919,G,T,C,C,G,C,T,T,T,A,G,C,A,A,A
XOC925,G,T,C,C,A,C,T,T,T,A,G,C,A,C,A
XOC928,G,C,G,C,A,C,T,T,T,A,G,C,A,C,A
XOC934,G,C,G,C,A,C,T,T,T,A,G,C,G,A,A
XOC944,G,T,C,A,A,C,T,T,T,A,G,C,A,A,A
XOC945,G,T,C,C,A,C,T,T,T,A,G,C,A,C,A
XOC949,G,T,C,C,A,C,T,T,T,A,A,C,A,A,A
XOC954,G,T,C,A,A,C,T,T,T,A,G,C,A,A,A
XOC959,G,T,C,C,A,C,T,T,T,A,G,C,A,C,A
XOC965,G,T,C,C,A,C,T,T,T,A,G,C,A,C,A
XOC977,G,T,C,C,A,C,T,T,T,A,G,C,G,C,A
XOC1002,G,T,C,A,A,C,T,T,T,A,G,C,A,C,A
XOC1009,G,T,C,C,A,C,T,T,T,A,G,C,A,A,A
XOC1013,G,T,C,C,A,C,T,T,T,A,G,C,A,A,A
XOC1020,G,T,C,C,A,C,T,T,T,A,G,C,A,C,A
XOC1038,G,T,C,C,A,C,T,T,T,A,G,C,A,C,A
XOC1040,G,T,C,C,A,C,T,T,T,A,G,C,A,C,A
XOC1046,G,T,C,A,A,C,T,T,T,A,G,C,A,A,A
XOC1048,G,T,C,A,A,C,T,T,T,A,G,C,A,A,A
XOC1053,G,T,C,C,A,C,T,T,T,A,G,C,A,C,A
XOC1056,G,T,C,C,A,C,T,T,T,A,G,C,A,C,A
XOC1059,G,T,C,A,A,C,T,T,T,A,G,C,A,A,A
XOC1060,G,T,C,A,A,C,T,T,T,A,G,C,A,A,A
XOC1067,G,T,C,C,A,C,T,T,T,A,G,C,A,A,A
XOC1068,G,T,C,C,A,C,T,T,T,A,G,C,A,C,A
XOC107,G,T,C,A,A,C,T,T,T,A,G,C,A,A,A
XOC1075,G,T,C,C,A,C,T,T,T,A,G,C,A,C,A
XOC1079,G,T,C,C,A,C,T,T,T,A,A,C,A,A,A
XOC1088,G,T,C,C,A,C,T,T,T,A,G,C,A,A,A
XOC109,G,T,C,C,A,C,T,T,T,A,G,C,A,C,A
XOC1091,G,T,C,C,A,C,T,T,T,A,G,C,A,A,A
XOC1094,G,T,C,C,A,C,T,T,T,A,G,C,A,C,A
XOC1095,G,T,C,C,A,C,T,T,T,A,G,C,A,A,A
XOC1096,G,C,G,C,A,C,T,T,T,A,G,C,G,A,A
XOC1097,G,T,C,C,A,C,T,T,T,A,G,C,A,A,A
XOC1104,G,T,C,C,G,C,T,T,T,A,G,C,G,A,A
XOC1109,G,T,C,C,A,C,T,T,T,A,G,C,A,C,A
XOC1110,G,T,C,C,A,C,T,T,T,A,G,C,A,C,A
XOC1117,G,T,C,A,A,C,T,T,T,A,A,C,A,A,A
XOC1118,G,T,C,C,A,C,T,T,T,A,G,C,A,C,A
XOC1119,G,T,C,C,A,C,T,T,T,A,G,C,A,A,A
XOC1122,G,C,G,C,A,C,T,T,T,A,G,C,A,A,A
XOC1125,G,T,C,C,A,C,T,T,T,A,G,C,A,C,A
XOC1127,G,T,C,C,A,C,T,T,T,A,G,C,A,A,A
XOC1130,G,T,C,A,A,C,T,T,T,A,A,C,A,A,A
XOC1133,G,T,C,C,A,C,T,T,T,A,G,C,A,C,A
XOC1134,G,T,C,C,A,C,T,T,T,A,G,C,A,A,A
XOC1140,G,T,C,C,A,C,T,T,T,A,G,C,A,A,A
XOC1141,G,T,C,A,A,C,T,T,T,A,G,C,A,C,A
XOC1142,G,T,C,C,A,C,T,T,T,A,G,C,A,C,A
XOC1143,G,T,C,C,A,C,T,T,T,A,G,C,A,C,A
XOC1145,G,T,C,C,A,C,T,T,T,A,G,C,A,A,A
XOC1363,G,C,G,C,A,C,T,T,T,A,G,C,A,C,A
XOC1366,G,T,C,A,A,C,T,T,T,A,G,C,A,C,A
XOC1379,G,T,C,A,A,C,T,T,T,A,A,C,A,A,A
XOC1386,G,T,C,A,A,C,T,T,T,A,G,C,A,C,A
XOC1397,G,C,G,C,A,C,T,T,T,A,G,C,A,C,A
XOC1399,G,T,C,C,G,C,T,T,T,A,G,C,A,A,A
XOC1402,G,C,G,C,A,C,T,T,T,A,G,C,A,C,A
XOC1411,G,T,C,A,A,C,T,T,T,A,A,C,A,A,A
XOC1414,G,T,C,C,A,C,T,T,T,A,G,C,A,A,A
XOC1422,G,T,C,C,A,C,T,T,T,A,G,C,A,A,A
XOC1425,G,T,C,C,A,C,T,T,T,A,G,C,A,A,A
XOC1427,G,T,C,C,A,C,T,T,T,A,G,C,A,C,A
XOC1429,G,T,C,A,A,C,T,T,T,A,G,C,A,A,A
XOC143,G,T,C,A,A,C,T,T,T,A,G,C,A,C,A
XOC1434,G,T,C,A,A,C,T,T,T,A,G,C,A,A,A
XOC1436,G,T,C,C,A,C,T,T,T,A,G,C,A,A,A
XOC1438,G,C,G,C,A,C,T,T,T,A,G,C,A,C,A
XOC1439,G,T,C,C,A,C,T,T,T,A,G,C,A,C,A
XOC1466,G,T,C,A,A,C,T,T,T,A,G,C,A,A,A
XOC1470,G,T,C,A,A,C,T,T,T,A,A,C,A,A,A
XOC1479,G,T,C,C,A,C,T,T,T,A,G,C,A,A,A
XOC1499,G,T,C,A,A,C,T,T,T,A,G,C,A,A,A
XOC1501,G,T,C,A,A,C,T,T,T,A,G,C,A,A,A
XOC1502,G,T,C,C,A,C,T,T,T,A,G,C,G,C,A
XOC1507,G,C,G,C,A,C,T,T,T,A,G,C,A,A,A
XOC1508,G,C,G,C,A,C,T,T,T,A,G,C,A,C,A
XOC1513,G,T,C,C,A,C,T,T,T,A,G,C,A,A,A
XOC1550,G,T,C,A,A,C,T,T,T,A,G,C,A,A,A
XOC1560,G,T,C,A,A,C,T,T,T,A,A,C,A,A,A
XOC157,G,T,C,C,A,C,T,T,T,A,G,C,A,A,A
XOC1580,G,C,G,C,A,C,T,T,T,A,G,C,A,C,A
XOC1582,G,T,C,C,A,C,T,T,T,A,A,C,A,A,A
XOC1627,G,T,C,C,A,C,T,T,T,A,G,C,A,C,A
XOC1630,G,T,C,C,A,C,T,T,T,A,G,C,A,A,A
XOC1641,G,T,C,C,A,C,T,T,T,A,G,C,A,A,A
XOC1652,G,T,C,C,A,C,T,T,T,A,G,C,A,A,A
XOC1663,G,T,C,A,A,C,T,T,T,A,G,C,A,C,A
XOC1672,G,T,C,A,A,C,G,T,T,A,A,C,A,A,A
XOC1673,G,C,G,C,A,C,T,T,T,A,G,C,A,A,A
XOC1687,G,C,G,C,A,C,T,T,T,A,G,C,A,C,A
XOC217,G,C,G,C,A,C,T,T,T,A,G,C,A,C,A
XOC232,G,T,C,C,A,C,T,T,T,A,G,C,A,C,A
XOC237,G,C,G,C,A,C,T,T,T,A,A,C,A,A,A
XOC281,G,C,G,C,A,C,T,T,T,A,G,C,A,C,A
XOC282,G,T,C,C,A,C,T,T,T,A,G,C,A,C,A
XOC293,G,T,C,C,A,C,T,T,T,A,G,C,A,A,A
XOC299,G,T,C,C,A,C,T,T,T,A,G,C,G,A,A
XOC301,G,T,C,C,A,C,T,T,T,A,G,C,A,C,A
XOC302,G,C,G,C,A,C,T,T,T,A,G,C,A,C,A
XOC308,G,T,C,A,A,C,T,T,T,A,G,C,A,C,A
XOC335,G,T,C,A,A,C,T,T,T,A,A,C,A,A,A
XOC383,G,T,C,C,A,C,T,T,T,A,G,C,A,A,A
XOC407,G,T,C,C,A,C,T,T,T,A,G,C,A,C,A
XOC425,G,T,C,A,A,C,T,T,T,A,G,C,A,C,A
XOC495,G,T,C,C,A,C,T,T,T,A,G,C,A,A,A
XOC496,G,T,C,A,A,C,T,T,T,A,G,C,A,C,A
XOC505,G,T,C,C,G,C,T,T,T,A,G,C,A,A,A
XOC60,G,C,G,C,A,C,T,T,T,A,G,C,A,A,A
XOC628,G,T,C,C,A,C,T,T,T,A,G,C,A,A,A
XOC656,G,T,C,A,A,C,T,T,T,A,G,C,A,C,A
XOC723,G,T,C,A,A,C,T,T,T,A,G,C,A,C,A
XOC800,G,T,C,A,A,C,T,T,T,A,G,C,A,C,A
XOC811,G,C,G,C,A,C,T,T,T,A,G,C,A,A,A
XOC825,G,T,C,C,A,C,T,T,T,A,A,C,A,A,A
XOC859,G,C,G,C,A,C,T,T,T,A,A,C,A,A,A
XOC867,G,T,C,C,A,C,T,T,T,A,G,C,A,A,A
XOC874,G,T,C,A,A,C,T,T,T,C,G,C,A,C,A
XOC917,G,T,C,C,A,C,T,T,T,A,G,C,A,A,A
XOC924,G,T,C,C,A,C,T,T,T,A,A,C,A,A,A
XOC952,G,C,G,C,A,C,T,T,T,A,G,C,A,A,A
XOC97,G,T,C,C,A,C,T,T,T,A,G,C,A,A,A
XOC987,G,T,C,A,A,C,T,T,T,A,A,C,A,A,A
XOD4,G,T,C,C,A,C,T,T,T,A,G,C,A,A,A
XOD15,G,T,C,C,A,C,T,T,T,A,G,C,A,A,A
XOD49,G,T,C,C,A,C,T,T,T,A,G,C,A,C,A
XOD50,G,T,C,C,A,C,T,T,T,A,A,C,A,A,A
XOD58,G,T,C,C,A,C,T,T,T,A,G,C,A,C,A
XOD69,G,C,G,C,A,C,T,T,T,A,G,C,A,A,A
XOD84,G,C,G,C,A,C,T,T,T,A,G,C,A,A,A
XOD86,G,C,G,C,A,C,T,T,T,A,G,C,A,C,A
XOD87,G,T,C,C,A,C,T,T,T,A,G,C,A,A,A
XOD105,G,T,C,A,A,C,T,T,T,A,A,C,A,A,A
XOD137,G,T,C,C,G,C,T,T,T,A,G,C,A,A,A
XOD138,G,T,C,A,A,C,T,T,T,A,G,C,A,C,A
XOD162,G,T,C,A,A,C,T,T,T,A,G,C,A,A,A
XOD163,G,C,G,C,A,C,T,T,T,A,G,C,A,A,A
XOD164,G,T,C,C,A,C,T,T,T,A,G,C,A,A,A
XOD180,G,T,C,C,G,C,T,T,T,A,G,C,A,A,A
XOD191,G,T,C,C,A,C,T,T,T,A,G,C,A,A,A
XOD205,G,T,C,C,G,C,G,T,T,A,G,C,A,A,A
XOD207,G,T,C,C,A,C,T,T,T,A,G,C,A,A,A
XOD209,G,T,C,C,A,C,T,G,G,A,G,C,A,A,A
XOD211,G,C,G,C,A,C,T,T,T,A,G,C,A,C,A
XOD212,G,C,G,C,A,C,T,G,T,A,A,C,A,A,A
XOD231,G,T,C,C,A,C,T,T,T,A,G,C,A,A,A
XOD233,G,T,C,C,G,C,T,T,T,A,G,C,A,A,A
XOD263,G,T,C,C,G,C,T,T,T,A,G,C,A,A,A
XOD272,G,T,C,C,A,C,T,T,T,A,G,C,A,A,A
XOD291,G,T,C,C,A,C,T,G,T,A,G,C,A,C,A
XOD293,G,T,C,C,A,C,T,T,T,A,G,C,G,A,A
XOD301,G,T,C,C,A,C,T,T,T,A,G,C,A,A,A
XOD304,G,T,C,C,A,C,T,T,T,A,G,C,A,C,A
XOD310,G,T,C,C,A,C,T,T,T,A,G,C,A,C,A
XOD312,G,T,C,A,A,C,T,G,G,A,G,C,A,A,A
XOD316,G,C,G,C,A,C,G,T,T,A,G,C,A,A,A
XOD406,G,T,C,A,A,C,T,T,T,A,G,C,A,C,A
XOD432,G,T,C,C,A,C,T,T,T,A,G,C,A,C,A
XOD454,G,T,C,C,A,C,T,T,T,A,G,C,A,A,A
XOD459,G,C,G,C,A,C,T,T,T,A,G,C,A,C,A
XOD464,G,C,G,C,A,C,T,T,T,A,G,C,A,C,A
XOD495,G,C,G,C,A,C,T,T,T,A,G,C,A,A,A
XOD505,G,C,G,C,A,C,T,T,T,A,G,C,A,A,A
XOD569,G,T,C,C,G,C,T,T,T,A,G,C,A,A,A
XOD615,G,T,C,C,G,C,T,T,T,A,G,C,A,A,A
XOD628,G,T,C,C,G,C,T,T,T,A,G,C,A,A,A
XOD630,G,T,C,C,G,C,T,T,T,A,G,C,A,A,A
XOD637,G,T,C,C,G,C,T,T,T,A,G,C,A,A,A
XOD661,G,C,G,C,A,C,T,T,T,A,G,C,A,A,A
XOD670,G,T,C,C,A,C,T,T,T,A,G,C,A,A,A
XOD706,G,T,C,C,G,C,T,T,T,A,G,C,A,A,A
XOD716,G,T,C,C,G,C,T,T,T,A,G,C,A,A,A
XOD746,G,T,C,C,A,C,T,T,T,A,G,C,A,C,A
XOD790,G,T,C,C,A,C,T,T,T,A,G,C,A,A,A
XOD793,G,T,C,C,A,C,T,T,T,A,G,C,A,A,A
XOD816,G,T,C,C,G,C,T,T,T,A,G,C,A,A,A
XOD847,G,T,C,C,A,C,T,T,T,A,G,C,A,C,A
XOD852,G,T,C,A,A,C,T,T,T,A,A,C,A,C,A
XOD895,G,T,C,C,A,C,T,T,T,A,G,C,A,A,A
XOD898,G,T,C,C,A,C,T,T,T,A,G,C,A,A,A
XOD905,G,T,C,C,A,C,T,T,T,A,G,C,A,C,A
XOD923,G,T,C,A,A,C,T,T,T,A,G,C,A,C,A
XOD932,G,T,C,A,A,C,T,T,T,A,G,C,A,C,A
XOD943,G,T,C,A,A,C,T,T,T,A,G,C,A,A,A
XOD1002,G,T,C,C,G,C,T,T,T,A,G,C,G,A,A
XOD1007,G,T,C,C,G,C,T,T,T,A,G,C,A,A,A
XOD1014,G,T,C,A,A,C,T,T,T,A,G,C,A,A,A
XOD1016,G,T,C,C,A,C,T,T,T,A,G,C,G,A,A
XOD1019,G,T,C,C,G,C,T,T,T,A,G,C,A,A,A
XOD1024,G,T,C,A,A,C,T,T,T,A,G,C,A,C,A
XOD1025,G,T,C,C,G,C,T,T,T,A,G,C,A,A,A
XOD1049,G,T,C,C,A,C,T,T,T,A,G,C,A,C,A
XOD1053,G,T,C,C,A,C,T,T,T,A,G,C,A,A,A
XOD1055,G,C,G,C,A,C,T,T,T,A,G,C,G,A,A
XOD1074,G,T,C,A,A,C,T,T,T,A,G,C,G,A,A
XOD1081,G,T,C,C,A,C,T,T,T,A,G,C,A,A,A
XOD1103,G,T,C,C,A,C,T,T,T,A,G,C,A,C,A
XOD1105,G,C,G,C,A,C,T,T,T,A,G,C,A,A,A
XOD1116,G,C,G,C,A,C,T,T,T,A,G,C,A,A,A
XOD1126,G,T,C,C,A,C,T,T,T,A,A,C,A,A,A
XOD1129,G,T,C,C,A,C,T,T,T,A,G,C,A,A,A
XOD1134,G,T,C,C,A,C,T,T,T,A,G,C,A,C,A
XOD1135,G,T,C,C,G,C,T,T,T,A,G,C,A,A,A
XOD1139,G,T,C,C,A,C,T,T,T,A,A,C,A,A,A
XOD1141,G,T,C,C,A,C,T,T,T,A,G,C,A,A,A
XOD1157,G,T,C,C,A,C,T,T,T,A,G,C,A,A,A
XOD1161,G,T,C,A,A,C,T,T,T,A,G,C,A,C,A
XOD1170,G,T,C,C,A,C,T,T,T,A,G,C,A,A,A
XOD1186,G,T,C,C,A,C,T,T,T,A,G,C,A,A,A
XOD1230,G,T,C,C,A,C,T,T,T,A,A,C,A,A,A
XOD1253,G,T,C,C,A,C,T,T,T,A,G,C,A,A,A
XOD1257,G,C,G,C,A,C,T,T,T,A,G,C,G,A,A
XOD1264,G,T,C,C,A,C,T,T,T,A,G,C,A,A,A
XOD1267,G,T,C,A,A,C,T,T,T,A,A,C,A,A,A
XOD1270,G,T,C,C,G,C,T,T,T,A,G,C,G,A,A
XOD1275,G,T,C,A,A,C,T,T,T,A,A,C,A,A,A
XOD1281,G,C,G,C,A,C,T,T,T,A,A,C,G,A,A
XOD1287,G,T,C,A,A,C,T,T,T,A,A,C,A,A,A
XOD1288,G,T,C,C,G,C,T,T,T,A,G,C,A,A,A
XOD1289,G,T,C,C,G,C,T,T,T,A,G,C,G,A,A
XOD1290,G,T,C,C,A,C,T,T,T,A,G,C,G,A,A
XOD1291,G,C,G,C,A,C,T,T,T,A,G,C,A,C,A
XOD130,G,T,C,C,A,C,T,T,T,A,G,C,A,A,A
XOD1335,G,T,C,C,A,C,T,T,T,A,G,C,A,A,A
XOD1349,G,T,C,C,G,C,T,T,T,A,G,C,G,A,A
XOD1361,G,T,C,C,G,C,T,T,T,A,G,C,A,A,A
XOD1374,G,T,C,C,A,C,T,T,T,A,G,C,A,C,A
XOD1382,G,C,G,C,A,C,T,T,T,A,A,C,A,A,A
XOD1390,G,T,C,C,G,C,T,T,T,A,G,C,A,A,A
XOD1399,G,T,C,C,A,C,T,T,T,A,G,C,A,C,A
XOD1401,G,T,C,C,A,C,T,T,T,A,G,C,A,A,A
XOD1405,G,T,C,C,A,C,T,T,T,A,G,C,A,A,A
XOD1408,G,T,C,C,G,C,T,T,T,A,G,C,A,A,A
XOD1421,G,T,C,A,A,C,T,T,T,A,A,C,G,A,A
XOD1428,G,C,G,C,A,C,T,T,T,A,G,C,G,A,A
XOD1463,G,T,C,C,A,C,T,T,T,A,G,C,A,C,A
XOD1472,G,T,C,A,A,C,T,T,T,A,A,C,A,A,A
XOD1501,G,T,C,C,G,C,G,T,T,A,G,C,A,A,A
XOD1508,G,C,G,C,A,C,T,T,T,A,G,C,G,C,A
XOD1570,G,C,G,C,A,C,T,T,T,A,G,C,A,C,A
XOD1592,G,T,C,C,A,C,T,T,T,A,G,C,G,A,A
XOD1597,G,T,C,A,A,C,T,T,T,A,G,C,A,C,A
XOD1610,G,C,G,C,A,C,T,T,T,A,G,C,A,C,A
XOD1618,G,C,G,C,A,C,T,T,T,A,G,C,A,C,A
XOD1619,G,T,C,A,A,C,T,T,T,A,A,C,A,C,A
XOD1626,G,T,C,C,A,C,T,T,T,A,G,C,A,A,A
XOD1632,G,C,G,C,A,C,T,T,T,A,G,C,A,C,A
XOD1635,G,T,C,A,A,C,T,T,T,A,A,C,A,A,A
XOD189,G,T,C,A,A,C,T,T,T,A,G,C,A,A,A
XOD282,G,T,C,C,A,C,T,T,T,A,G,C,A,C,A
XOD289,G,C,G,C,A,C,T,T,T,A,G,C,A,A,A
XOD298,G,T,C,A,A,C,T,T,T,A,G,C,A,C,A
XOD300,G,T,C,A,A,C,T,T,T,A,G,C,G,C,A
XOD303,G,T,C,A,A,C,T,T,T,A,A,C,A,A,A
XOD307,G,T,C,C,A,C,T,T,T,A,G,C,A,A,A
XOD339,G,T,C,C,A,C,T,T,T,A,G,C,A,A,A
XOD342,G,T,C,A,A,C,T,T,T,A,G,C,A,C,A
XOD380,G,C,G,C,A,C,T,T,T,A,G,C,A,C,A
XOD461,G,C,G,C,A,C,T,T,T,A,A,C,A,A,A
XOD480,G,T,C,A,A,C,T,T,T,A,G,C,A,A,A
XOD529,G,C,G,C,A,C,T,T,T,A,A,C,A,A,A
XOD530,G,T,C,C,A,C,T,T,T,A,A,C,A,A,A
XOD537,G,T,C,C,A,C,T,T,T,A,A,C,A,A,A
XOD627,G,T,C,C,A,C,T,T,T,A,G,C,A,A,A
XOD655,G,T,C,C,A,C,T,T,T,A,G,C,A,A,A
XOD665,G,T,C,A,A,C,T,T,T,A,G,C,A,A,A
XOD702,G,T,C,A,A,C,T,T,T,A,G,C,A,A,A
XOD703,G,C,G,C,A,C,T,T,T,A,G,C,G,A,A
XOD726,G,C,G,C,A,C,T,T,T,A,G,C,A,A,A
XOD754,G,T,C,C,A,C,T,T,T,A,G,C,A,C,A
XOD765,G,T,C,C,A,C,T,T,T,A,G,C,A,C,A
XOD781,G,T,C,C,A,C,T,T,T,A,G,C,G,A,A
XOD810,G,T,C,A,A,C,T,T,T,A,A,C,G,A,A
XOD820,G,T,C,A,A,C,T,T,T,A,G,C,A,A,A
XOD903,G,T,C,C,G,C,T,T,T,A,G,C,A,A,A
XOD911,G,C,G,C,A,C,T,T,T,A,G,C,A,C,A
XOD914,G,T,C,C,A,C,T,T,T,A,G,C,A,C,A
XOD928,G,T,C,A,A,C,T,T,T,A,G,C,G,C,A
XOD933,G,C,G,C,A,C,T,T,T,A,G,C,G,C,A
XOD945,G,T,C,C,A,C,T,T,T,A,G,C,A,C,A
XOD951,G,C,G,C,A,C,T,T,T,A,G,C,A,C,A
XOD982,G,T,C,C,A,C,T,T,T,A,G,C,A,C,A
XOE58,G,T,C,C,G,C,T,T,T,A,G,C,A,A,A
XOE65,G,T,C,C,A,C,T,T,T,A,G,C,A,A,A
XOE97,G,T,C,A,A,C,T,T,T,A,A,C,A,A,A
XOE172,G,T,C,A,A,C,T,T,T,A,A,C,A,A,A
XOE179,G,T,C,A,A,C,T,T,T,A,G,C,G,C,A
XOE199,G,T,C,A,A,C,T,T,T,A,A,C,G,A,A
XOE219,G,T,C,C,G,C,T,T,T,A,G,C,A,A,A
XOE231,G,T,C,A,A,C,T,T,T,A,A,C,A,A,A
XOE238,G,T,C,C,A,C,T,T,T,A,G,C,A,A,A
XOE243,G,T,C,C,A,C,T,T,T,A,A,C,A,A,A
XOE466,G,T,C,A,A,C,T,T,T,A,A,C,A,A,A
XOE56,G,T,C,A,A,C,T,T,T,A,G,C,A,A,A
XOE60,G,T,C,C,A,C,T,T,T,A,G,C,A,A,A
XOE77,G,T,C,C,G,C,T,T,T,A,G,C,A,A,A
XOH7,G,T,C,C,A,C,T,T,T,A,G,C,G,C,A
XOH16,G,T,C,C,A,C,T,T,T,A,G,C,A,C,A
XOH17,G,T,C,C,A,C,T,T,T,A,G,C,A,C,A
XOH26,G,C,G,C,A,C,T,T,T,A,G,C,A,A,A
XOH30,G,C,G,C,A,C,T,T,T,A,G,C,A,A,A
XOH37,G,C,G,C,A,C,T,T,T,A,G,C,A,A,A
XOH43,G,T,C,C,A,C,T,T,T,A,G,C,A,C,A
XOH53,G,T,C,C,G,C,T,T,T,A,G,C,A,A,A
XOH56,G,T,C,C,A,C,T,T,T,A,G,C,A,C,A
XOH59,G,T,C,C,A,C,T,T,T,A,G,C,A,A,A
XOH62,G,T,C,C,G,C,T,T,T,A,G,C,A,A,A
XOH64,G,T,C,A,A,C,T,T,T,A,G,C,A,A,A
XOH82,G,T,C,C,A,C,T,T,T,A,G,C,A,A,A
XOH84,G,T,C,A,A,C,G,T,T,A,A,C,A,A,A
XOH85,G,T,C,C,A,C,T,T,T,A,G,C,A,C,A
XOH87,G,T,C,C,A,C,T,T,T,A,G,C,A,A,A
XOH92,G,T,C,C,G,C,T,T,T,A,G,C,A,A,A
XOH94,G,T,C,A,A,C,T,T,T,A,A,C,A,A,A
XOH115,G,T,C,A,A,C,T,T,T,A,A,C,A,A,A
XOH117,G,T,C,C,G,C,T,T,T,A,G,C,A,A,A
XOH121,G,C,G,C,A,C,T,T,T,A,G,C,A,A,A
XOH124,G,T,C,C,A,C,T,T,T,A,A,C,A,C,A
XOH125,G,T,C,C,G,C,T,T,T,A,G,C,A,A,A
XOH133,G,C,G,C,A,C,T,T,T,A,G,C,A,A,A
XOH158,A,T,C,C,A,C,T,T,T,A,G,C,A,A,A
XOH159,G,T,C,C,A,C,T,T,T,A,G,C,A,C,A
XOH169,G,T,C,C,A,C,G,T,T,A,G,C,A,A,A
XOH181,G,T,C,C,A,C,T,T,T,A,A,C,A,A,A
XOH183,G,T,C,A,A,C,T,T,T,A,G,C,A,C,A
XOH187,G,T,C,C,A,C,T,T,T,A,G,C,A,A,A
XOH190,G,T,C,A,A,C,T,T,T,A,G,C,A,A,A
XOH202,G,C,G,C,A,C,T,T,T,A,G,C,A,A,A
XOH207,G,C,G,C,A,C,T,T,T,A,G,C,A,C,A
XOH208,G,T,C,A,A,C,T,T,T,A,A,C,A,A,A
XOH212,G,T,C,C,A,C,T,T,T,A,G,C,A,A,A
XOH214,G,C,G,C,A,C,T,T,T,A,G,C,A,C,A
XOH222,G,C,G,C,A,C,T,G,G,A,G,C,A,C,A
XOH231,G,C,G,C,A,C,T,T,T,A,G,C,A,C,A
XOH236,G,T,C,C,A,C,T,T,T,A,G,C,A,C,A
XOH260,G,T,C,A,A,C,T,T,T,A,A,C,A,C,A
XOH263,G,T,C,C,A,C,T,T,T,A,G,C,A,C,A
XOH279,G,T,C,C,A,C,T,T,T,A,G,C,A,C,A
XOH288,G,T,C,C,A,C,T,T,T,A,G,C,A,C,A
XOH290,G,C,G,C,A,C,T,T,T,A,G,C,A,C,A
XOH292,G,T,C,C,G,C,T,T,T,A,G,C,A,A,A
XOH306,G,T,C,C,A,C,T,T,T,A,G,C,A,A,A
XOH308,G,T,C,A,A,C,T,T,T,A,A,C,A,A,A
XOH311,G,T,C,C,A,C,T,T,T,A,G,C,A,A,A
XOH316,G,T,C,C,A,C,T,T,T,A,A,C,A,A,A
XOH319,G,C,G,C,A,C,T,T,T,A,G,C,A,A,A
XOH323,G,T,C,A,A,C,T,T,T,A,G,C,A,A,A
XOH328,G,T,C,C,A,C,T,T,T,A,G,C,G,A,A
XOH338,G,T,C,A,A,C,T,T,T,A,G,C,A,A,A
XOH345,G,C,G,C,A,C,T,T,T,A,G,C,A,C,A
XOH349,G,C,G,C,A,C,T,T,T,A,G,C,A,A,A
XOH354,G,T,C,C,A,C,T,T,T,A,G,C,A,C,A
XOH355,G,T,C,C,A,C,T,T,T,A,G,C,A,A,A
XOH356,G,C,G,C,A,C,T,T,T,A,G,C,G,A,A
XOH360,G,T,C,A,A,C,T,T,T,A,A,C,A,A,A
XOH362,G,T,C,C,A,C,T,T,T,A,G,C,A,C,A
XOH366,G,C,G,C,A,C,T,T,T,A,G,C,A,A,A
XOH370,G,T,C,C,A,C,T,T,T,A,G,C,A,A,A
XOH372,G,C,G,C,A,C,T,T,T,A,G,C,A,A,A
XOH384,G,T,C,A,A,C,T,T,T,A,G,C,A,C,A
XOH385,G,C,G,C,A,C,T,T,T,A,G,C,G,C,A
XOH391,G,C,G,C,A,C,T,T,T,A,G,C,G,A,A
XOH396,G,T,C,C,A,C,T,T,T,A,G,C,A,C,A
XOH399,G,T,C,C,A,C,T,T,T,A,G,C,A,C,A
XOH408,G,T,C,C,A,C,T,T,T,A,G,C,A,A,A
XOH409,G,C,G,C,A,C,T,T,T,A,G,C,A,C,A
XOH413,G,T,C,A,A,C,T,T,T,A,G,C,A,C,A
XOH414,G,T,C,A,A,C,T,T,T,A,G,C,A,C,A
XOH418,G,T,C,C,A,C,T,T,T,A,G,C,A,A,A
XOH421,G,T,C,C,A,C,T,T,T,A,G,C,G,C,A
XOH430,G,T,C,C,A,C,T,T,T,A,G,C,A,A,A
XOH446,G,T,C,A,A,C,T,T,T,A,G,C,A,C,A
XOH450,G,C,G,C,A,C,T,T,T,A,G,C,G,A,A
XOH455,G,T,C,A,A,C,T,T,T,A,A,C,A,A,A
XOH463,G,C,G,C,A,C,T,T,T,A,G,C,A,A,A
XOH480,G,T,C,A,A,C,T,T,T,A,A,C,A,A,A
XOH481,G,T,C,C,A,C,T,T,T,A,G,C,A,A,A
XOH486,G,C,G,C,A,C,T,T,T,A,G,C,A,C,A
XOH488,A,T,C,A,A,C,T,T,T,A,A,C,A,C,A
XOH491,G,T,C,C,A,C,T,T,T,A,G,C,A,C,A
XOH500,G,T,C,C,A,C,T,T,T,A,G,C,A,C,A
XOH507,G,T,C,C,A,C,T,T,T,A,G,C,G,A,A
XOH513,G,T,C,C,G,C,T,T,T,A,G,C,A,A,A
XOH521,G,C,G,C,A,C,T,T,T,A,G,C,A,C,A
XOH523,G,T,C,C,G,C,T,T,T,A,G,C,G,A,A
XOH531,G,T,C,C,A,C,T,T,T,A,G,C,A,A,A
XOH535,G,T,C,C,A,C,T,T,T,A,G,C,A,A,A
XOH537,G,T,C,C,A,C,T,T,T,A,G,C,A,A,A
XOH539,G,T,C,C,A,C,T,T,T,A,G,C,A,A,A
XOH540,G,T,C,A,A,C,T,T,T,A,G,C,A,A,A
XOH543,G,T,C,C,G,C,T,T,T,A,G,C,A,A,A
XOH169.1,G,T,C,C,G,C,T,T,T,A,G,C,A,A,A
XOH198,G,T,C,C,A,C,T,T,T,A,G,C,A,A,A
XOH270,G,C,G,C,A,C,T,T,T,A,A,C,A,A,A
XOH87.1,G,T,C,C,A,C,T,T,T,A,G,C,A,A,A
XOH88,G,T,C,C,G,C,T,T,T,A,G,C,A,A,A
XOA104,R,T,C,C,A,C,T,T,T,A,G,C,A,C,A
XOA110,G,T,C,C,A,C,T,T,T,A,G,C,A,C,A
XOA123,G,Y,S,M,A,C,T,T,T,A,G,C,A,C,A
XOA150,G,T,S,C,A,C,T,T,T,A,A,C,A,A,A
XOA44,G,Y,S,C,A,C,T,T,T,A,G,C,A,A,A
XOA45,G,T,S,C,A,C,T,T,T,A,G,C,A,C,A
XOA62,G,T,S,C,A,C,T,T,T,A,G,C,A,A,A
XOA71,R,T,C,C,G,C,T,T,T,A,G,C,A,A,A
XOA78,R,C,G,C,A,C,T,T,T,A,G,C,A,A,A
XOB121,R,T,C,C,A,C,T,T,T,A,G,C,A,C,A
XOB155,R,T,C,C,A,C,T,T,T,A,G,C,A,C,A
XOB17,R,C,G,C,A,C,T,T,T,A,G,C,A,A,A
XOB171,R,T,C,C,A,C,T,T,T,A,A,C,G,A,A
XOB180,R,T,C,C,A,C,T,T,T,A,G,C,A,A,A
XOB202,R,T,C,C,A,C,T,T,T,A,G,C,A,C,A
XOB246,G,T,C,C,A,A,T,T,T,A,R,C,A,M,A
XOB250,G,Y,S,C,A,C,T,T,T,A,A,C,A,A,A
XOB253,S,C,G,C,A,C,T,T,T,A,G,C,A,A,A
XOB27,R,C,G,C,A,C,T,T,T,A,G,C,A,C,A
XOB282,G,T,C,C,A,C,T,T,T,A,G,C,A,M,A
XOB3,R,C,G,C,A,C,T,T,T,A,G,C,A,C,A
XOB337,G,T,C,M,A,C,T,T,T,A,G,C,A,C,A
XOB353,G,T,C,M,A,C,T,T,T,A,G,C,A,A,A
XOB40,R,T,C,C,A,C,T,T,T,A,G,C,A,C,A
XOB47,R,T,C,C,A,C,T,T,T,A,G,C,A,C,A
XOB507,G,T,C,M,A,C,T,T,T,A,A,C,A,A,A
XOB556,G,Y,S,C,A,C,T,T,T,A,G,C,A,C,A
XOB569,G,Y,S,C,A,C,T,T,T,A,G,C,A,C,A
XOB71,R,Y,G,C,A,C,T,T,T,A,G,C,A,M,A
XOB76,R,C,G,C,A,C,T,T,T,A,G,C,A,C,A
XOC1015,G,T,S,C,A,C,T,T,T,A,G,C,A,M,A
XOC1032,G,T,C,M,R,C,T,T,T,A,G,C,A,C,A
XOC1061,G,T,C,M,A,C,T,T,T,A,G,C,A,A,A
XOC1086,G,Y,S,C,A,C,T,T,T,A,G,C,A,C,A
XOC1090,G,Y,C,C,A,C,T,T,T,A,G,C,A,C,A
XOC1124,G,Y,G,C,A,C,T,T,T,A,G,C,A,A,A
XOC198,G,T,C,C,A,C,T,T,T,A,G,C,A,M,A
XOC222,G,T,C,C,A,C,T,T,T,A,G,C,A,A,A
XOC400,G,T,C,C,R,C,T,T,T,A,R,C,A,C,A
XOC761,G,T,C,M,A,C,T,T,T,A,G,C,A,C,A
XOD1150,G,T,C,C,A,C,T,T,T,A,G,C,A,M,A
XOD1248,G,Y,S,C,R,C,T,T,T,A,G,C,A,M,A
XOD1259,G,T,C,C,R,C,T,T,T,A,G,C,A,A,A
XOD1383,G,Y,S,C,A,C,T,T,T,A,A,C,A,A,A
XOD1412,G,T,C,C,G,C,T,T,T,A,G,C,A,A,A
XOD1413,G,Y,S,C,A,C,T,T,T,A,G,C,A,C,A
XOD1434,G,T,S,M,A,C,T,T,T,A,A,C,A,A,A
XOD1477,G,Y,S,M,A,C,T,T,T,A,G,C,A,C,A
XOD1489,G,T,C,M,A,C,T,T,T,A,G,C,A,C,A
XOD1516,G,T,S,C,A,C,T,T,T,A,G,C,A,C,A
XOD196,G,Y,G,C,A,C,T,T,T,A,G,C,A,A,A
XOD519,G,Y,G,C,R,C,T,T,T,A,A,C,A,A,A
XOD621,G,T,C,C,R,C,T,T,T,A,G,C,A,A,A
XOD76,G,Y,S,C,A,C,T,T,T,A,G,C,A,A,A
XOE35,G,T,C,C,A,C,T,T,T,A,G,C,A,M,A
XOH224,G,T,C,C,G,C,T,T,T,A,G,C,A,M,A
XOH269,G,Y,S,M,A,C,T,T,T,A,G,C,A,A,A
XOH386,G,C,G,C,A,C,T,T,T,A,G,C,A,M,A
XOH404,G,T,C,M,A,C,T,T,T,A,G,C,A,C,A
XOH419,G,Y,S,M,A,C,T,T,T,A,A,T,G,A,A
XOH448,G,T,C,M,A,C,T,T,T,A,G,C,A,C,A
XOH454,G,T,C,M,A,C,T,T,T,A,R,C,G,A,A
XOB434,G,T,S,C,A,C,T,T,T,A,G,C,A,A,A
XOC526,G,Y,G,C,A,C,T,T,T,A,G,C,A,A,A
XOC529,G,Y,S,C,A,C,T,T,T,A,G,C,A,A,A
XOC1440,G,T,C,C,A,C,T,T,T,A,G,C,A,M,A
XOC1489,G,Y,S,C,A,C,T,T,T,A,G,C,A,C,A
XOD101,G,T,C,C,A,C,T,T,T,A,G,C,G,M,A
XOD506,G,T,C,M,A,C,T,T,T,A,G,C,A,C,A
XOD512,G,Y,S,C,R,C,T,T,T,A,G,C,G,M,A
XOD899,G,Y,S,C,A,C,T,T,T,A,G,C,A,A,A
XOD1539,G,Y,S,M,A,C,T,T,T,A,G,C,A,C,A
XOE67,G,T,C,C,R,C,T,T,T,A,G,C,A,A,A
XOH114,G,T,C,A,A ,C,T,T,T,A,G,C,A,M,A
XOH177,G,T,C,A,A,C,T,T,T,A,G,C,G,M,A